<yas>
    <scene root="root_comp" axis_length="8" />
    <views default="player_camera" >
        <perspective id="player_camera" near="0.1" far="90" angle="60">
            <from x="-2.45" y="9.25" z="2.45" />
            <to x="0" y="4.8" z="0" />
        </perspective>
        <perspective id="spectator_camera" near="0.1" far="90" angle="60">
            <from x="4" y="10" z="0.4" />
            <to x="0" y="5.3" z="0" />
        </perspective>
    </views>
    <ambient>
        <ambient r="0.6" g="0.6" b="0.6" a="1" />
        <background r="0.6" g="0.7" b="0.9" a="1" />
    </ambient>
    <lights>
        <omni id="room_top1" enabled="t" >
            <location x="-4" y="6.5" z="-3" w="1" />
            <ambient r="0" g="0" b="0" a="1" />
            <diffuse r="1" g="1" b="1" a="1" />
            <specular r="1" g="1" b="1" a="1" />
        </omni>
        <omni id="room_top2" enabled="t" >
            <location x="4" y="6.5" z="-3" w="1" />
            <ambient r="0" g="0" b="0" a="1" />
            <diffuse r="1" g="1" b="1" a="1" />
            <specular r="1" g="1" b="1" a="1" />
        </omni>
        <omni id="room_top3" enabled="t" >
            <location x="-4" y="6.5" z="3" w="1" />
            <ambient r="0" g="0" b="0" a="1" />
            <diffuse r="1" g="1" b="1" a="1" />
            <specular r="1" g="1" b="1" a="1" />
        </omni>
        <omni id="room_top4" enabled="t" >
            <location x="4" y="6.5" z="3" w="1" />
            <ambient r="0" g="0" b="0" a="1" />
            <diffuse r="1" g="1" b="1" a="1" />
            <specular r="1" g="1" b="1" a="1" />
        </omni>
        <omni id="room_top5" enabled="f" >
            <location x="0" y="7" z="0" w="1" />
            <ambient r="0" g="0" b="0" a="1" />
            <diffuse r="1" g="1" b="1" a="1" />
            <specular r="1" g="1" b="1" a="1" />
        </omni>
    </lights>
    <textures>
        <texture id="tex_wood" file="scenes/images/wood.png" />
        <texture id="tex_metal" file="scenes/images/metal.png" />
        <texture id="tex_floor" file="scenes/images/floor.png" />
        <texture id="tex_piece_white" file="primitives/resources/white_piece_plastic.jpg" />
        <texture id="tex_piece_black" file="primitives/resources/black_piece_plastic.jpg" />
        <texture id="tex_water" file="shaders/water_pretty.jpg" />
        <texture id="tex_waterwavemap" file="shaders/water-displacement-texture.jpg" />
        <texture id="tex_board_plastic" file="primitives/resources/board_plastic.jpg" />
    </textures>
    <materials>
        <material id="mat_metal" shininess="80" >
            <emission r="0" g="0" b="0" a="1" />
            <ambient r="0.1" g="0.1" b="0.15" a="1" />
            <diffuse r="0.4" g="0.4" b="0.5" a="1" />
            <specular r="0.4" g="0.4" b="0.5" a="1" />
        </material>
        <material id="mat_regular" shininess="40" >
            <emission r="0" g="0" b="0" a="1" />
            <ambient r="0.3" g="0.3" b="0.3" a="1" />
            <diffuse r="0.5" g="0.5" b="0.5" a="1" />
            <specular r="0.5" g="0.5" b="0.5" a="1" />
        </material>
        <material id="mat_wood" shininess="30" >
            <emission r="0" g="0" b="0" a="1" />
            <ambient r="0.4" g="0.34" b="0.31" a="1" />
            <diffuse r="0.4" g="0.34" b="0.31" a="1" />
            <specular r="0.3" g="0.17" b="0.3" a="1" />
        </material>
        <material id="mat_lighter_wood" shininess="30" >
            <emission r="0" g="0" b="0" a="1" />
            <ambient r="0.43" g="0.2" b="0.17" a="1" />
            <diffuse r="0.53" g="0.2" b="0.16" a="1" />
            <specular r="0.34" g="0.12" b="0.15" a="1" />
        </material>
        <material id="mat_grey" shininess="10">
            <emission r="0" g="0" b="0" a="1" />
            <ambient r="0" g="0" b="0" a="1" />
            <diffuse r="0.42" g="0.42" b="0.42" a="1" />
            <specular r="0" g="0" b="0" a="1" />
        </material>
        <material id="mat_blue" shininess="30">
            <emission r="0" g="0" b="0" a="1" />
            <ambient r="0" g="0" b="0.1" a="1" />
            <diffuse r="0.2" g="0.2" b="0.3" a="1" />
            <specular r="0.2" g="0.2" b="0.3" a="1" />
        </material>
        <material id="mat_orange" shininess="30">
            <emission r="0" g="0" b="0" a="1" />
            <ambient r="0.1" g="0" b="0" a="1" />
            <diffuse r="0.4" g="0.3" b="0.2" a="1" />
            <specular r="0.4" g="0.3" b="0.2" a="1" />
        </material>
        <material id="mat_turquoise" shininess="5">
            <emission r="0" g="0" b="0" a="1" />
            <ambient r="0" g="0.1" b="0.1" a="1" />
            <diffuse r="0.23" g="0.28" b="0.25" a="1" />
            <specular r="0" g="0.0" b="0.0" a="1" />
        </material>
        <material id="mat_red" shininess="30">
            <emission r="0" g="0" b="0" a="1" />
            <ambient r="0.1" g="0.1" b="0.1" a="1" />
            <diffuse r="0.2" g="0.05" b="0.05" a="1" />
            <specular r="0.2" g="0.05" b="0.05" a="1" />
        </material>
        <material id="mat_glass" shininess="90">
            <emission r="0" g="0" b="0" a="1" />
            <ambient r="0" g="0" b="0" a="1" />
            <diffuse r="0.4" g="0.4" b="0.4" a="1" />
            <specular r="0.9" g="0.9" b="0.9" a="1" />
        </material>
        <material id="mat_dark" shininess="10">
            <emission r="0" g="0" b="0" a="1" />
            <ambient r="0.1" g="0.1" b="0.1" a="1" />
            <diffuse r="0.27" g="0.27" b="0.27" a="1" />
            <specular r="0.1" g="0.1" b="0.1" a="1" />
        </material>
        <material id="mat_piece_regular" shininess="25" >
            <emission r="0" g="0" b="0" a="1" />
            <ambient r="0.15" g="0.15" b="0.15" a="1" />
            <diffuse r="0.5" g="0.5" b="0.5" a="1" />
            <specular r="0.3" g="0.3" b="0.3" a="1" />
        </material>
        <material id="mat_piece_neon" shininess="25" >
            <emission r="0.3" g="0.3" b="0.3" a="1" />
            <ambient r="0.15" g="0.15" b="0.15" a="1" />
            <diffuse r="0.5" g="0.5" b="0.5" a="1" />
            <specular r="0.3" g="0.3" b="0.3" a="1" />
        </material>
    </materials>
    <transformations>
        <transformation id="trf_standup_y">
            <rotate axis="x" angle="-90" />
        </transformation>
        <transformation id="trf_lift_y">
            <translate x="0" y="1.2" z="0" />
        </transformation>
    </transformations>
    <animations>
    </animations>
    <primitives>
        <primitive id="table_leg">
            <cylinder base="0.1" top="0.1" height="2.2" slices="10" stacks="3" />
        </primitive>
        <primitive id="table_top_part">
            <rectangle x1="-0.5" y1="-0.5" x2="0.5" y2="0.5" />
        </primitive>
        <primitive id="board">
            <board tex="tex_board_plastic" />
        </primitive>
        <primitive id="clock">
            <clock />
        </primitive>
        <primitive id="scoreboard">
            <scoreboard />
        </primitive>
        <primitive id="gamecontrols">
            <gamecontrols />
        </primitive>
        <primitive id="king">
            <king />
        </primitive>
        <primitive id="pawn">
            <pawn />
        </primitive>
        <primitive id="bishop">
            <bishop />
        </primitive>
        <primitive id="water">
            <water idtexture="tex_water" idwavemap="tex_waterwavemap" parts="50" heightscale="0.26" texscale="8" />
        </primitive>
        <primitive id="vehicle">
            <vehicle />
        </primitive>
    </primitives>
    <components>
        <component id="root_comp">
            <transformation>
            </transformation>
            <materials>
                <material id="mat_regular" />
            </materials>
            <texture id="none" />
            <children>
                <componentref id="room_comp" />
                <componentref id="game_comp" />
            </children>
        </component>

        <component id="room_comp">
            <transformation>
                <translate x="3" y="-4" z="3" />
                <scale x="2" y="2" z="2" />
            </transformation>
            <materials>
                <material id="inherit" />
            </materials>
            <texture id="inherit" />
            <children>
                <componentref id="water_comp" />
                <componentref id="vehicle_comp" />
            </children>
        </component>

        <component id="game_comp">
            <transformation>
                <rotate axis="y" angle="-45" />
            </transformation>
            <materials>
                <material id="inherit" />
            </materials>
            <texture id="inherit" />
            <children>
                <componentref id="table" />
                <componentref id="board_comp" />
                <componentref id="clock_comp" />
                <componentref id="scoreboard_comp" />
                <componentref id="gamecontrols_comp" />
            </children>
        </component>

        <component id="table">
            <transformation>
                <translate x="3" y="-4" z="3" />
                <scale x="2" y="2" z="2" />
                <translate x="-1.5" y="2" z="-1.5" />
                <scale x="1" y="1" z="1.3" />
            </transformation>
            <materials>
                <material id="mat_grey" />
            </materials>
            <texture id="tex_metal" length_s="1" length_t="1" />
            <children>
                <componentref id="table_leg1" />
                <componentref id="table_leg2" />
                <componentref id="table_leg3" />
                <componentref id="table_leg4" />
                <componentref id="table_top" />
            </children>
        </component>

        <component id="table_leg1">
            <transformation>
                <translate x="-1.9" y="0" z="-1.1" />
                <rotate axis="x" angle="-90" />
            </transformation>
            <materials>
                <material id="inherit" />
            </materials>
            <texture id="inherit" />
            <children>
                <primitiveref id="table_leg" />
            </children>
        </component>

        <component id="table_leg2">
            <transformation>
                <translate x="1.9" y="0" z="-1.1" />
                <rotate axis="x" angle="-90" />
            </transformation>
            <materials>
                <material id="inherit" />
            </materials>
            <texture id="inherit" />
            <children>
                <primitiveref id="table_leg" />
            </children>
        </component>

        <component id="table_leg3">
            <transformation>
                <translate x="-1.9" y="0" z="1.1" />
                <rotate axis="x" angle="-90" />
            </transformation>
            <materials>
                <material id="inherit" />
            </materials>
            <texture id="inherit" />
            <children>
                <primitiveref id="table_leg" />
            </children>
        </component>

        <component id="table_leg4">
            <transformation>
                <translate x="1.9" y="0" z="1.1" />
                <rotate axis="x" angle="-90" />
            </transformation>
            <materials>
                <material id="inherit" />
            </materials>
            <texture id="inherit" />
            <children>
                <primitiveref id="table_leg" />
            </children>
        </component>

        <component id="table_top">
            <transformation>
                <translate x="0" y="2.3" z="0" />
            </transformation>
            <materials>
                <material id="inherit" />
            </materials>
            <texture id="inherit" />
            <children>
                <componentref id="table_top_top" />
                <componentref id="table_top_bottom" />
                <componentref id="table_top_left" /> 
                <componentref id="table_top_right" />
                <componentref id="table_top_back" />
                <componentref id="table_top_front" />
            </children>
        </component>

        <component id="table_top_front">
            <transformation>
                <translate x="0" y="0" z="1.2" />
                <scale x="4" y="0.2" z="1" />
            </transformation>
            <materials>
                <material id="inherit" />
            </materials>
            <texture id="inherit" />
            <children>
                <primitiveref id="table_top_part" />
            </children>
        </component>

        <component id="table_top_back">
            <transformation>
                <translate x="0" y="0" z="-1.2" />
                <rotate axis="y" angle="180" />
                <scale x="4" y="0.2" z="1" />
            </transformation>
            <materials>
                <material id="inherit" />
            </materials>
            <texture id="inherit" />
            <children>
                <primitiveref id="table_top_part" />
            </children>
        </component>

        <component id="table_top_right">
            <transformation>
                <translate x="2" y="0" z="0" />
                <rotate axis="y" angle="90" />
                <scale x="2.4" y="0.2" z="1" />
            </transformation>
            <materials>
                <material id="inherit" />
            </materials>
            <texture id="inherit" />
            <children>
                <primitiveref id="table_top_part" />
            </children>
        </component>

        <component id="table_top_left">
            <transformation>
                <translate x="-2" y="0" z="0" />
                <rotate axis="y" angle="-90" />
                <scale x="2.4" y="0.2" z="1" />
            </transformation>
            <materials>
                <material id="inherit" />
            </materials>
            <texture id="inherit" />
            <children>
                <primitiveref id="table_top_part" />
            </children>
        </component>

        <component id="table_top_top">
            <transformation>
                <translate x="0" y="0.1" z="0" />
                <rotate axis="x" angle="-90" />
                <scale x="4" y="2.4" z="1" />
            </transformation>
            <materials>
                <material id="inherit" />
            </materials>
            <texture id="inherit" />
            <children>
                <primitiveref id="table_top_part" />
            </children>
        </component>

        <component id="table_top_bottom">
            <transformation>
                <translate x="0" y="-0.1" z="0" />
                <rotate axis="x" angle="90" />
                <scale x="4" y="2.4" z="1" />
            </transformation>
            <materials>
                <material id="inherit" />
            </materials>
            <texture id="inherit" />
            <children>
                <primitiveref id="table_top_part" />
            </children>
        </component>

        <component id="board_comp">
            <transformation>
                <translate x="-2" y="4.8" z="-2" />
            </transformation>
            <animations></animations>
            <materials>
                <material id="mat_regular" />
            </materials>
            <texture id="none" />
            <children>
                <primitiveref id="board" />
            </children>
        </component>

        <component id="clock_comp">
            <transformation>
                <translate x="3" y="4.8" z="0" />
                <rotate axis="y" angle="-90" />
            </transformation>
            <animations></animations>
            <materials>
                <material id="mat_regular" />
            </materials>
            <texture id="none" />
            <children>
                <primitiveref id="clock" />
            </children>
        </component>

        <component id="scoreboard_comp">
            <transformation>
                <translate x="-3" y="4.8" z="0" />
                <rotate axis="y" angle="90" />
            </transformation>
            <animations></animations>
            <materials>
                <material id="mat_regular" />
            </materials>
            <texture id="none" />
            <children>
                <primitiveref id="scoreboard" />
            </children>
        </component>

        <component id="gamecontrols_comp">
            <transformation>
                <translate x="-2.87" y="6.6" z="0" />
                <rotate axis="y" angle="90" />
            </transformation>
            <animations></animations>
            <materials>
                <material id="mat_regular" />
            </materials>
            <texture id="none" />
            <children>
                <primitiveref id="gamecontrols" />
            </children>
        </component>

        <component id="water_comp">
            <transformation>
                <translate x="-1" y="0" z="-3.2" />
                <scale x="45" y="1" z="45" />
            </transformation>
            <materials>
                <material id="inherit" />
            </materials>
            <texture id="inherit" />
            <children>
                <primitiveref id="water" />
            </children>
        </component>

        <component id="vehicle_comp">
            <transformation>
                <translate x="1" y="-0.5" z="-3.2" />
                <scale x="13" y="13" z="13" />
                <rotate axis="y" angle="-90" />
            </transformation>
            <materials>
                <material id="inherit" />
            </materials>
            <texture id="inherit" />
            <children>
                <primitiveref id="vehicle" />
            </children>
        </component>

    </components>

     <pieces>
        <piece_white>
            <transformation>
            </transformation>
            <materials>
                <material id="mat_piece_regular" />
            </materials>
            <texture id="tex_piece_white" length_s="1" length_t="1" />
            <children>
                <primitiveref id="king" />
            </children>
        </piece_white>
        <piece_black>
            <transformation>
            </transformation>
            <materials>
                <material id="mat_piece_regular" />
            </materials>
            <texture id="tex_piece_black" length_s="1" length_t="1" />
            <children>
                <primitiveref id="pawn" />
            </children>
        </piece_black>
    </pieces>
</yas>