<yas>
    <scene root="root_comp" axis_length="8" />
    <views default="player_camera" >
        <perspective id="player_camera" near="0.1" far="90" angle="60">
            <from x="0" y="9.5" z="3.5" />
            <to x="0" y="4.8" z="0" />
        </perspective>
        <perspective id="spectator_camera" near="0.1" far="90" angle="60">
            <from x="4" y="9" z="0" />
            <to x="0" y="4.8" z="0" />
        </perspective>
    </views>
    <ambient>
        <ambient r="0.6" g="0.6" b="0.6" a="1" />
        <background r="0.05" g="0.05" b="0.05" a="1" />
    </ambient>
    <lights>
        <omni id="room_top1" enabled="t" >
            <location x="-4" y="6.5" z="-3" w="1" />
            <ambient r="0" g="0" b="0" a="1" />
            <diffuse r="1" g="1" b="1" a="1" />
            <specular r="1" g="1" b="1" a="1" />
        </omni>
        <omni id="room_top2" enabled="t" >
            <location x="4" y="6.5" z="-3" w="1" />
            <ambient r="0" g="0" b="0" a="1" />
            <diffuse r="1" g="1" b="1" a="1" />
            <specular r="1" g="1" b="1" a="1" />
        </omni>
        <omni id="room_top3" enabled="t" >
            <location x="-4" y="6.5" z="3" w="1" />
            <ambient r="0" g="0" b="0" a="1" />
            <diffuse r="1" g="1" b="1" a="1" />
            <specular r="1" g="1" b="1" a="1" />
        </omni>
        <omni id="room_top4" enabled="t" >
            <location x="4" y="6.5" z="3" w="1" />
            <ambient r="0" g="0" b="0" a="1" />
            <diffuse r="1" g="1" b="1" a="1" />
            <specular r="1" g="1" b="1" a="1" />
        </omni>
        <omni id="room_top5" enabled="f" >
            <location x="0" y="7" z="0" w="1" />
            <ambient r="0" g="0" b="0" a="1" />
            <diffuse r="1" g="1" b="1" a="1" />
            <specular r="1" g="1" b="1" a="1" />
        </omni>
    </lights>
    <textures>
        <texture id="tex_rough" file="scenes/images/rough.jpg" />
        <texture id="tex_window" file="scenes/images/window.jpg" />
        <texture id="tex_frame" file="scenes/images/frame.jpg" />
        <texture id="tex_frame2" file="scenes/images/frame2.jpg" />
        <texture id="tex_wood" file="scenes/images/wood.png" />
        <texture id="tex_floor" file="scenes/images/floor.png" />
        <texture id="tex_donut" file="scenes/images/donut.png" />
        <texture id="tex_piece_white" file="primitives/resources/white_piece.jpg" />
        <texture id="tex_piece_black" file="primitives/resources/black_piece.jpg" />
        <texture id="tex_board_simpsons" file="primitives/resources/board_simpsons.jpg" />
        <texture id="tex_world" file="scenes/images/world.jpg" />
    </textures>
    <materials>
        <material id="mat_metal" shininess="80" >
            <emission r="0" g="0" b="0" a="1" />
            <ambient r="0.1" g="0.1" b="0.15" a="1" />
            <diffuse r="0.4" g="0.4" b="0.5" a="1" />
            <specular r="0.4" g="0.4" b="0.5" a="1" />
        </material>
        <material id="mat_regular" shininess="40" >
            <emission r="0" g="0" b="0" a="1" />
            <ambient r="0.3" g="0.3" b="0.3" a="1" />
            <diffuse r="0.5" g="0.5" b="0.5" a="1" />
            <specular r="0.5" g="0.5" b="0.5" a="1" />
        </material>
        <material id="mat_wood" shininess="30" >
            <emission r="0" g="0" b="0" a="1" />
            <ambient r="0.4" g="0.34" b="0.31" a="1" />
            <diffuse r="0.4" g="0.34" b="0.31" a="1" />
            <specular r="0.3" g="0.17" b="0.3" a="1" />
        </material>
        <material id="mat_lighter_wood" shininess="30" >
            <emission r="0" g="0" b="0" a="1" />
            <ambient r="0.43" g="0.2" b="0.17" a="1" />
            <diffuse r="0.53" g="0.2" b="0.16" a="1" />
            <specular r="0.34" g="0.12" b="0.15" a="1" />
        </material>
        <material id="mat_grey" shininess="10">
            <emission r="0" g="0" b="0" a="1" />
            <ambient r="0" g="0" b="0" a="1" />
            <diffuse r="0.2" g="0.2" b="0.2" a="1" />
            <specular r="0" g="0" b="0" a="1" />
        </material>
        <material id="mat_blue" shininess="30">
            <emission r="0" g="0" b="0" a="1" />
            <ambient r="0" g="0" b="0.1" a="1" />
            <diffuse r="0.2" g="0.2" b="0.3" a="1" />
            <specular r="0.2" g="0.2" b="0.3" a="1" />
        </material>
        <material id="mat_orange" shininess="30">
            <emission r="0" g="0" b="0" a="1" />
            <ambient r="0.1" g="0" b="0" a="1" />
            <diffuse r="0.4" g="0.3" b="0.2" a="1" />
            <specular r="0.4" g="0.3" b="0.2" a="1" />
        </material>
        <material id="mat_turquoise" shininess="5">
            <emission r="0" g="0" b="0" a="1" />
            <ambient r="0" g="0.1" b="0.1" a="1" />
            <diffuse r="0.23" g="0.28" b="0.25" a="1" />
            <specular r="0" g="0.0" b="0.0" a="1" />
        </material>
        <material id="mat_red" shininess="30">
            <emission r="0" g="0" b="0" a="1" />
            <ambient r="0.1" g="0.1" b="0.1" a="1" />
            <diffuse r="0.2" g="0.05" b="0.05" a="1" />
            <specular r="0.2" g="0.05" b="0.05" a="1" />
        </material>
        <material id="mat_glass" shininess="90">
            <emission r="0" g="0" b="0" a="1" />
            <ambient r="0" g="0" b="0" a="1" />
            <diffuse r="0.4" g="0.4" b="0.4" a="1" />
            <specular r="0.9" g="0.9" b="0.9" a="1" />
        </material>
        <material id="mat_dark" shininess="10">
            <emission r="0" g="0" b="0" a="1" />
            <ambient r="0.1" g="0.1" b="0.1" a="1" />
            <diffuse r="0.27" g="0.27" b="0.27" a="1" />
            <specular r="0.1" g="0.1" b="0.1" a="1" />
        </material>
        <material id="mat_piece_regular" shininess="25" >
            <emission r="0" g="0" b="0" a="1" />
            <ambient r="0.15" g="0.15" b="0.15" a="1" />
            <diffuse r="0.5" g="0.5" b="0.5" a="1" />
            <specular r="0.3" g="0.3" b="0.3" a="1" />
        </material>
    </materials>
    <transformations>
        <transformation id="trf_standup_y">
            <rotate axis="x" angle="-90" />
        </transformation>
        <transformation id="trf_lift_y">
            <translate x="0" y="1.2" z="0" />
        </transformation>
        <transformation id="trf_donut_plate_to_table">
            <translate x="3.9" y="2.4" z="6.7" />
            <scale x="1" y="1" z="1" />
            <rotate axis="x" angle="-90" />
        </transformation>
        <transformation id="trf_donut_to_plate">
            <translate x="0" y="0" z="0.075" />
        </transformation>
    </transformations>
    <animations>
    </animations>
    <primitives>
        <primitive id="window">
            <rectangle x1="2" y1="1.5" x2="9" y2="5.5" />
        </primitive>
        <primitive id="wall">
            <plane npartsU="15" npartsV="15" />
        </primitive>
        <primitive id="floor">
            <rectangle x1="0" y1="0" x2="11" y2="11" />
        </primitive>
        <primitive id="frame">
            <rectangle x1="0" y1="0" x2="2.736" y2="3.27" />
        </primitive>
        <primitive id="frame2">
            <rectangle x1="0" y1="0" x2="2.52" y2="3.44" />
        </primitive>
        <primitive id="table_leg">
            <cylinder base="0.1" top="0.1" height="2.2" slices="10" stacks="3" />
        </primitive>
        <primitive id="table_top_part">
            <rectangle x1="-0.5" y1="-0.5" x2="0.5" y2="0.5" />
        </primitive>
        <primitive id="board">
            <board tex="tex_board_simpsons" />
        </primitive>
        <primitive id="clock">
            <clock />
        </primitive>
        <primitive id="scoreboard">
            <scoreboard />
        </primitive>
        <primitive id="gamecontrols">
            <gamecontrols />
        </primitive>
        <primitive id="simpson_donut">
            <torus inner="0.06" outer="0.12" slices="20" loops="20" />
        </primitive>
        <primitive id="donut_plate">
            <cylinder base="0.26" top="0.26" height="0.015" slices="30" stacks="3" />
        </primitive>
        <primitive id="test_square">
            <rectangle x1="0" y1="0" x2="2" y2="2" />
        </primitive>
        <primitive id="test_cone">
            <cylinder base="0.35" top="0" height="0.24" slices="10" stacks="6" />
        </primitive>
        <primitive id="king">
            <king />
        </primitive>
        <primitive id="pawn">
            <pawn />
        </primitive>
        <primitive id="bishop">
            <bishop />
        </primitive>
        <primitive id="sphere">
            <sphere radius="0.5" slices="20" stacks="20" />
        </primitive>
    </primitives>
    <components>
        <component id="root_comp">
            <transformation>
            </transformation>
            <materials>
                <material id="mat_regular" />
            </materials>
            <texture id="none" />
            <children>
                <componentref id="room_comp" />
                <componentref id="game_comp" />
            </children>
        </component>

        <component id="room_comp">
            <transformation>
                <translate x="-11" y="0" z="-11" />
                <scale x="2" y="2" z="2" />
            </transformation>
            <materials>
                <material id="inherit" />
            </materials>
            <texture id="inherit" />
            <children>
                <componentref id="windows" />
                <componentref id="walls" />
                <componentref id="floor" />
                <componentref id="floor_bottom" />
                <componentref id="frame_comp" />
                <componentref id="frame_comp2" />
                <componentref id="table" />
                <componentref id="plate_with_donut" />
            </children>
        </component>

        <component id="game_comp">
            <transformation>
            </transformation>
            <materials>
                <material id="inherit" />
            </materials>
            <texture id="inherit" />
            <children>
                <componentref id="board_comp" />
                <componentref id="clock_comp" />
                <componentref id="scoreboard_comp" />
                <componentref id="gamecontrols_comp" />
            </children>
        </component>

        <component id="walls">
            <transformation>
            </transformation>
            <materials>
                <material id="mat_grey" />
            </materials>
            <texture id="none" />
            <children>
                <componentref id="wall1" />
                <componentref id="wall1back" />
                <componentref id="wall2" />
                <componentref id="wall2back" />
                <componentref id="wall3" />
                <componentref id="wall3back" />
                <componentref id="wall4" />
                <componentref id="wall4back" />
            </children>
        </component>

        <component id="wall1">
            <transformation>
                <translate x="5.5" y="3.5" z="0" />
                <rotate axis="x" angle="90" />
                <scale x="11" y="1" z="7" />
            </transformation>
            <materials>
                <material id="inherit" />
            </materials>
            <texture id="inherit" />
            <children>
                <primitiveref id="wall" />
            </children>
        </component>

        <component id="wall2">
            <transformation>
                <translate x="0" y="3.5" z="5.5" />
                <rotate axis="y" angle="90" />
                <rotate axis="x" angle="90" />
                <scale x="11" y="1" z="7" />
            </transformation>
            <materials>
                <material id="inherit" />
            </materials>
            <texture id="inherit" />
            <children>
                <primitiveref id="wall" />
            </children>
        </component>

        <component id="wall3">
            <transformation>
                <translate x="11" y="3.5" z="5.5" />
                <rotate axis="y" angle="-90" />
                <rotate axis="x" angle="90" />
                <scale x="11" y="1" z="7" />
            </transformation>
            <materials>
                <material id="inherit" />
            </materials>
            <texture id="inherit" />
            <children>
                <primitiveref id="wall" />
            </children>
        </component>

        <component id="wall4">
            <transformation>
                <translate x="5.5" y="3.5" z="11" />
                <rotate axis="x" angle="-90" />
                <scale x="11" y="1" z="7" />
            </transformation>
            <materials>
                <material id="inherit" />
            </materials>
            <texture id="inherit" />
            <children>
                <primitiveref id="wall" />
            </children>
        </component>

        <component id="wall1back">
            <transformation>
                <translate x="5.5" y="3.5" z="11" />
                <rotate axis="x" angle="90" />
                <scale x="11" y="1" z="7" />
            </transformation>
            <materials>
                <material id="inherit" />
            </materials>
            <texture id="inherit" />
            <children>
                <primitiveref id="wall" />
            </children>
        </component>

        <component id="wall2back">
            <transformation>
                <translate x="11" y="3.5" z="5.5" />
                <rotate axis="y" angle="90" />
                <rotate axis="x" angle="90" />
                <scale x="11" y="1" z="7" />
            </transformation>
            <materials>
                <material id="inherit" />
            </materials>
            <texture id="inherit" />
            <children>
                <primitiveref id="wall" />
            </children>
        </component>

        <component id="wall3back">
            <transformation>
                <translate x="0" y="3.5" z="5.5" />
                <rotate axis="y" angle="-90" />
                <rotate axis="x" angle="90" />
                <scale x="11" y="1" z="7" />
            </transformation>
            <materials>
                <material id="inherit" />
            </materials>
            <texture id="inherit" />
            <children>
                <primitiveref id="wall" />
            </children>
        </component>

        <component id="wall4back">
            <transformation>
                <translate x="5.5" y="3.5" z="0" />
                <rotate axis="x" angle="-90" />
                <scale x="11" y="1" z="7" />
            </transformation>
            <materials>
                <material id="inherit" />
            </materials>
            <texture id="inherit" />
            <children>
                <primitiveref id="wall" />
            </children>
        </component>

        <component id="floor">
            <transformation>
                <translate x="0" y="0" z="11" />
                <rotate axis="x" angle="-90" />
            </transformation>
            <materials>
                <material id="mat_dark" />
            </materials>
            <texture id="tex_floor" length_s="1" length_t="1" />
            <children>
                <primitiveref id="floor" />
            </children>
        </component>

        <component id="floor_bottom">
            <transformation>
                <rotate axis="x" angle="90" />
            </transformation>
            <materials>
                <material id="mat_grey" />
            </materials>
            <texture id="none" />
            <children>
                <primitiveref id="floor" />
            </children>
        </component>

        <component id="windows">
            <transformation>
                <translate x="0" y="0" z="0.01" />
            </transformation>
            <materials>
                <material id="mat_glass" />
            </materials>
            <texture id="tex_window" length_s="2.54" length_t="2" />
            <children>
                <componentref id="window1" />
                <componentref id="window2" />
                <componentref id="window3" />
            </children>
        </component>

        <component id="window1">
            <transformation>
                <translate x="0" y="0" z="0.01" />
            </transformation>
            <materials>
                <material id="inherit" />
            </materials>
            <texture id="inherit" />
            <children>
                <primitiveref id="window" />
            </children>
        </component>

        <component id="window2">
            <transformation>
                <translate x="11" y="0" z="10.9" />
                <rotate axis="y" angle="180" />
            </transformation>
            <materials>
                <material id="inherit" />
            </materials>
            <texture id="inherit" />
            <children>
                <primitiveref id="window" />
            </children>
        </component>

        <component id="window3">
            <transformation>
                <translate x="10.9" y="0" z="0" />
                <rotate axis="y" angle="-90" />
            </transformation>
            <materials>
                <material id="inherit" />
            </materials>
            <texture id="inherit" />
            <children>
                <primitiveref id="window" />
            </children>
        </component>

        <component id="frame_comp">
            <transformation>
                <translate x="0.01" y="2" z="9.2" />
                <rotate axis="y" angle="90" />
            </transformation>
            <materials>
                <material id="inherit" />
            </materials>
            <texture id="tex_frame" length_s="0.684" length_t="0.8175" />
            <children>
                <primitiveref id="frame" />
            </children>
        </component>

        <component id="frame_comp2">
            <transformation>
                <translate x="0.01" y="1.9" z="4.5" />
                <rotate axis="y" angle="90" />
            </transformation>
            <materials>
                <material id="inherit" />
            </materials>
            <texture id="tex_frame2" length_s="2.52" length_t="3.44" />
            <children>
                <primitiveref id="frame2" />
            </children>
        </component>

        <component id="table">
            <transformation>
                <translate x="5.5" y="0.001" z="5.5" />
                <scale x="1" y="1" z="1.3" />
            </transformation>
            <materials>
                <material id="mat_wood" />
            </materials>
            <texture id="tex_wood" length_s="1" length_t="1" />
            <children>
                <componentref id="table_leg1" />
                <componentref id="table_leg2" />
                <componentref id="table_leg3" />
                <componentref id="table_leg4" />
                <componentref id="table_top" />
            </children>
        </component>

        <component id="table_leg1">
            <transformation>
                <translate x="-1.9" y="0" z="-1.1" />
                <rotate axis="x" angle="-90" />
            </transformation>
            <materials>
                <material id="inherit" />
            </materials>
            <texture id="inherit" />
            <children>
                <primitiveref id="table_leg" />
            </children>
        </component>

        <component id="table_leg2">
            <transformation>
                <translate x="1.9" y="0" z="-1.1" />
                <rotate axis="x" angle="-90" />
            </transformation>
            <materials>
                <material id="inherit" />
            </materials>
            <texture id="inherit" />
            <children>
                <primitiveref id="table_leg" />
            </children>
        </component>

        <component id="table_leg3">
            <transformation>
                <translate x="-1.9" y="0" z="1.1" />
                <rotate axis="x" angle="-90" />
            </transformation>
            <materials>
                <material id="inherit" />
            </materials>
            <texture id="inherit" />
            <children>
                <primitiveref id="table_leg" />
            </children>
        </component>

        <component id="table_leg4">
            <transformation>
                <translate x="1.9" y="0" z="1.1" />
                <rotate axis="x" angle="-90" />
            </transformation>
            <materials>
                <material id="inherit" />
            </materials>
            <texture id="inherit" />
            <children>
                <primitiveref id="table_leg" />
            </children>
        </component>

        <component id="table_top">
            <transformation>
                <translate x="0" y="2.3" z="0" />
            </transformation>
            <materials>
                <material id="inherit" />
            </materials>
            <texture id="inherit" />
            <children>
                <componentref id="table_top_top" />
                <componentref id="table_top_bottom" />
                <componentref id="table_top_left" /> 
                <componentref id="table_top_right" />
                <componentref id="table_top_back" />
                <componentref id="table_top_front" />
            </children>
        </component>

        <component id="table_top_front">
            <transformation>
                <translate x="0" y="0" z="1.2" />
                <scale x="4" y="0.2" z="1" />
            </transformation>
            <materials>
                <material id="inherit" />
            </materials>
            <texture id="inherit" />
            <children>
                <primitiveref id="table_top_part" />
            </children>
        </component>

        <component id="table_top_back">
            <transformation>
                <translate x="0" y="0" z="-1.2" />
                <rotate axis="y" angle="180" />
                <scale x="4" y="0.2" z="1" />
            </transformation>
            <materials>
                <material id="inherit" />
            </materials>
            <texture id="inherit" />
            <children>
                <primitiveref id="table_top_part" />
            </children>
        </component>

        <component id="table_top_right">
            <transformation>
                <translate x="2" y="0" z="0" />
                <rotate axis="y" angle="90" />
                <scale x="2.4" y="0.2" z="1" />
            </transformation>
            <materials>
                <material id="inherit" />
            </materials>
            <texture id="inherit" />
            <children>
                <primitiveref id="table_top_part" />
            </children>
        </component>

        <component id="table_top_left">
            <transformation>
                <translate x="-2" y="0" z="0" />
                <rotate axis="y" angle="-90" />
                <scale x="2.4" y="0.2" z="1" />
            </transformation>
            <materials>
                <material id="inherit" />
            </materials>
            <texture id="inherit" />
            <children>
                <primitiveref id="table_top_part" />
            </children>
        </component>

        <component id="table_top_top">
            <transformation>
                <translate x="0" y="0.1" z="0" />
                <rotate axis="x" angle="-90" />
                <scale x="4" y="2.4" z="1" />
            </transformation>
            <materials>
                <material id="inherit" />
            </materials>
            <texture id="inherit" />
            <children>
                <primitiveref id="table_top_part" />
            </children>
        </component>

        <component id="table_top_bottom">
            <transformation>
                <translate x="0" y="-0.1" z="0" />
                <rotate axis="x" angle="90" />
                <scale x="4" y="2.4" z="1" />
            </transformation>
            <materials>
                <material id="inherit" />
            </materials>
            <texture id="inherit" />
            <children>
                <primitiveref id="table_top_part" />
            </children>
        </component>

        <component id="board_comp">
            <transformation>
                <translate x="-2" y="4.8" z="-2" />
            </transformation>
            <animations></animations>
            <materials>
                <material id="mat_regular" />
            </materials>
            <texture id="none" />
            <children>
                <primitiveref id="board" />
            </children>
        </component>

        <component id="clock_comp">
            <transformation>
                <translate x="3" y="4.8" z="-0.8" />
                <rotate axis="y" angle="-70" />
            </transformation>
            <animations></animations>
            <materials>
                <material id="mat_regular" />
            </materials>
            <texture id="none" />
            <children>
                <primitiveref id="clock" />
            </children>
        </component>

        <component id="scoreboard_comp">
            <transformation>
                <translate x="3" y="4.8" z="0.8" />
                <rotate axis="y" angle="-110" />
            </transformation>
            <animations></animations>
            <materials>
                <material id="mat_regular" />
            </materials>
            <texture id="none" />
            <children>
                <primitiveref id="scoreboard" />
            </children>
        </component>

        <component id="gamecontrols_comp">
            <transformation>
                <translate x="-3" y="5.9" z="0" />
                <rotate axis="y" angle="90" />
            </transformation>
            <animations></animations>
            <materials>
                <material id="mat_regular" />
            </materials>
            <texture id="none" />
            <children>
                <primitiveref id="gamecontrols" />
            </children>
        </component>

        <component id="plate_with_donut">
            <transformation>
                <transformationref id="trf_donut_plate_to_table" />
            </transformation>
            <materials>
                <material id="inherit" />
            </materials>
            <texture id="none" />
            <children>
                <componentref id="donut_plate" />
                <componentref id="simpson_donut" />
            </children>
        </component>

        <component id="donut_plate">
            <transformation>
            </transformation>
            <materials>
                <material id="inherit" />
            </materials>
            <texture id="tex_piece_black" length_s="1" length_t="1" />
            <children>
                <primitiveref id="donut_plate" />
            </children>
        </component>

        <component id="simpson_donut">
            <transformation>
                <translate x="0" y="0" z="0.075" />
                <rotate axis="x" angle="90" />
                <scale x="0.25" y="0.25" z="0.25" />
            </transformation>
            <materials>
                <material id="inherit" />
            </materials>
            <texture id="tex_piece_white" length_s="1" length_t="1" />
            <children>
                <primitiveref id="bishop" />
            </children>
        </component>

    </components>

     <pieces>
        <piece_white>
            <transformation>
                <translate x="0" y="0.2" z="0" />
                <rotate axis="x" angle="-90" />
                <scale x="4" y="4" z="4" />
            </transformation>
            <materials>
                <material id="mat_piece_regular" />
            </materials>
            <texture id="tex_donut" length_s="1" length_t="1" />
            <children>
                <primitiveref id="simpson_donut" />
            </children>
        </piece_white>
        <piece_black>
            <transformation>
                <translate x="0" y="0.6" z="0" />
                <scale x="1.5" y="1.5" z="1.5" />
                <rotate axis="x" angle="-90" />
            </transformation>
            <materials>
                <material id="mat_piece_regular" />
            </materials>
            <texture id="tex_world" length_s="1" length_t="1" />
            <children>
                <primitiveref id="sphere" />
            </children>
        </piece_black>
    </pieces>
</yas>